url,tur,"hedef kelime","ikincil kelimeler","arama niyeti","son guncelleme",durum,"hedef kaynak",gosterim_16ay,tik_16ay,adet
https://kosarticaret.com/,ana-sayfa,"coşar ticaret","koşar | koşar ticaret",gezinme,,aktif,gsc,2040,162,
https://kosarticaret.com/blog/sanayi-tipi-vantilator-kurulum-montaj,blog,"cvs vantilatör kurulumu","vantilatör kurulumu | marsstar vantilatör kurulumu | ayaklı vantilatör kurulumu nasıl yapılır",bilgi,2026-09-24,aktif,gsc,23,0,
https://kosarticaret.com/blog/dalgic-pompa-kablo-baglantisi-kesit-secimi,blog,"dalgıç pompa elektrik bağlantısı","dalgıç pompa kablo bağlantısı | dalgıç pompa bağlantısı | 220 dalgıç pompa bağlantısı",bilgi,2026-09-14,aktif,gsc,1171,30,
https://kosarticaret.com/blog/dalgic-pompa-fiyatlari-2026-rehberi,blog,"dalgıç pompa fiyatları","bahçe | fiyat | maliyet ne olur",ticari,2026-09-27,ticari-kelime,gsc,302,1,
https://kosarticaret.com/blog/jakuzi-pompasi-secimi-rehberi,blog,"jakuzide pump ne demek","jakuzi pompası",bilgi,2026-09-14,aktif,gsc,112,1,
https://kosarticaret.com/blog/kis-oncesi-sirkulasyon-pompasi-degisim-rehberi,blog,"pompa değişimi","kalorifer sirkülasyon pompası kademe ayarı | sirkülasyon pompası",bilgi,2026-09-16,aktif,gsc,124,1,
https://kosarticaret.com/blog/dalgic-pompa-vs-hidrofor-farklari,blog,"dalgıç pompa hidrofor olarak kullanılır mi","dalgıç pompa hidrofor | hidroforlu dalgıç pompa | hidrofor dalgıç pompa",bilgi,2026-09-14,aktif,gsc,201,5,
https://kosarticaret.com/blog/kac-katli-binaya-hangi-hidrofor,blog,"5 katlı bina için hidrofor","hidrofor kaç kw | 5 katlı binada hidrofor basıncı kaç olmalı | bina hidrofor",bilgi,2026-09-16,aktif,gsc,1005,34,
https://kosarticaret.com/blog/en-iyi-dalgic-pompa-markasi-rehberi,blog,"en iyi dalgıç pompa hangisi","en iyi dalgıç pompa markaları | dalgıç pompa markaları | en iyi dalgıç pompa",bilgi,2026-09-26,aktif,gsc,1111,9,
https://kosarticaret.com/blog/hidrofor-kurulumu-montaj-rehberi,blog,"ev tipi hidrofor kurulumu","ev tipi hidrofor elektrik bağlantısı | ev tipi hidrofor nasıl bağlanır | su deposu hidrofor kurulumu",bilgi,2026-09-16,aktif,gsc,3838,53,
https://kosarticaret.com/blog/jet-pompa-isletme-sistemi,blog,"Jet Pompa İşletme Sistemi: Emme Yüksekliği, Ejektor ve Sulama Hattı Yönetimi",,bilgi,2026-09-16,aktif,baslik,40,0,
https://kosarticaret.com/blog/jet-pompa-emme-yuksekligi-isletme,blog,"Jet Pompa Emme Yüksekliği İşletme: Limit, Priming ve Günlük Disiplin",,bilgi,2026-09-16,aktif,baslik,17,0,
https://kosarticaret.com/blog/jet-pompa-ejektor-nozul-isletme,blog,"jet nozul nedir","jet nozzle nedir",bilgi,2026-09-16,aktif,gsc,22,0,
https://kosarticaret.com/blog/jet-pompa-cift-kademe-start-isletme,blog,"Jet Pompa Çift Kademe Start İşletme: Çift Ejektor Devreye Alma",,bilgi,2026-09-16,aktif,baslik,5,0,
https://kosarticaret.com/blog/jet-pompa-debi-dususu-teshis,blog,"Jet Pompa Debi Düşüşü: Emiş mi, Ejektor mü, Hat mı?",,bilgi,2026-09-16,aktif,baslik,7,0,
https://kosarticaret.com/blog/jet-pompa-kisa-cevrim-start-stop,blog,"Jet Pompa Kısa Çevrim: Neden Sürekli Açılıp Kapanır?",,bilgi,2026-09-16,aktif,baslik,4,0,
https://kosarticaret.com/blog/jet-pompa-sulama-hatti-isletme,blog,"Jet Pompa Sulama Hattı İşletmesi: Vana, Basınç ve Debi Yönetimi",,bilgi,2026-09-16,aktif,baslik,7,1,
https://kosarticaret.com/blog/jet-pompa-ses-titresim-ariza-teshis,blog,"ses yapıyor",,bilgi,2026-09-16,aktif,gsc,9,0,
https://kosarticaret.com/blog/jet-pompa-mevsimsel-isletme-donma-korumasi,blog,"Jet Pompa Mevsimsel İşletme ve Donma Koruması",,bilgi,2026-09-16,aktif,baslik,1,0,
https://kosarticaret.com/blog/jet-pompa-bakim-disiplini-periyodik-kontrol,blog,"Jet Pompa Bakım Disiplini ve Periyodik Kontrol Listesi",,bilgi,2026-09-16,aktif,baslik,16,0,
https://kosarticaret.com/blog/kademeli-pompa-isletme-sistemi,blog,"işletme sistemi nedir",,bilgi,2026-09-14,aktif,gsc,31,0,
https://kosarticaret.com/blog/kademeli-pompa-cok-kademeli-start-isletme,blog,"Kademeli Pompa Çok Kademeli Start İşletme: Devreye Alma ve Akım Yönetimi",,bilgi,2026-09-14,aktif,baslik,6,0,
https://kosarticaret.com/blog/kademeli-pompa-kavitasyon-belirtileri-onleme,blog,"Kademeli Pompa Kavitasyon: Belirtiler, Teşhis ve Önleme",,bilgi,2026-09-14,aktif,baslik,8,0,
https://kosarticaret.com/blog/kademeli-pompa-debi-dususu-teshis,blog,"Kademeli Pompa Debi Düşüşü: Emiş mi, Conta mı, Pompa mı?",,bilgi,2026-09-14,aktif,baslik,58,1,
https://kosarticaret.com/blog/kademeli-pompa-conta-kacagi-teshis-onarim,blog,"Kademeli Pompa Conta Kaçağı: Teşhis, Onarım ve Kademe Kontrolü",,bilgi,2026-09-14,aktif,baslik,9,1,
https://kosarticaret.com/blog/kademeli-pompa-kisa-cevrim-start-stop,blog,"Kademeli Pompa Kısa Çevrim: Neden Sürekli Açılıp Kapanır?",,bilgi,2026-09-14,aktif,baslik,9,0,
https://kosarticaret.com/blog/kademeli-pompa-yuksek-basinc-hat-isletme,blog,"Kademeli Pompa Yüksek Basınç Hat İşletmesi: Vana, Filtre ve Basınç Yönetimi",,bilgi,2026-09-14,aktif,baslik,16,0,
https://kosarticaret.com/blog/kademeli-pompa-ses-titresim-ariza-teshis,blog,"Kademeli Pompa Ses ve Titreşim: Arıza Teşhisi",,bilgi,2026-09-14,aktif,baslik,19,0,
https://kosarticaret.com/blog/kademeli-pompa-mevsimsel-isletme-donma-korumasi,blog,"Kademeli Pompa Mevsimsel İşletme ve Donma Koruması",,bilgi,2026-09-14,aktif,baslik,1,0,
https://kosarticaret.com/blog/kademeli-pompa-bakim-disiplini-periyodik-kontrol,blog,"pompa bakım periyotları",,bilgi,2026-09-14,cakisma,gsc,55,1,
https://kosarticaret.com/blog/derin-kuyu-sondaj-pompa-isletme-sistemi,blog,"Derin Kuyu ve Sondaj Pompa İşletme Sistemi: Seviye, Koruma ve Performans",,bilgi,2026-09-14,aktif,baslik,22,0,
https://kosarticaret.com/blog/kuyu-seviyesi-dususu-dinamik-seviye-takibi,blog,"dinamik seviye ne demek","statik seviye ne demek | erken seçim",bilgi,2026-09-14,aktif,gsc,138,0,
https://kosarticaret.com/blog/derin-kuyu-kuru-calisma-korumasi,blog,"kuru çalışma koruma rölesi",incele,bilgi,2026-09-14,aktif,gsc,153,5,
https://kosarticaret.com/blog/kuyu-kum-silt-birikimi-pompa-performansi,blog,"Kuyu Kum ve Silt Birikimi: Pompa Emiş Performansını Nasıl Etkiler?",,bilgi,2026-09-14,aktif,baslik,48,1,
https://kosarticaret.com/blog/derin-kuyu-pompa-kablo-hortum-yonetimi,blog,"derin kuyu dalgıç pompa hortumu","dalgıç pompa hortumu | dalgıç pompa kablo bağlantısı | kuyu kablosu",bilgi,2026-09-14,aktif,gsc,469,6,
https://kosarticaret.com/blog/derin-kuyu-debi-dususu-teshis,blog,"Derin Kuyu Debi Düşüşü: Pompa Zayıfladı mı, Kuyu mu Kuruyor?",,bilgi,2026-09-14,aktif,baslik,18,0,
https://kosarticaret.com/blog/derin-kuyu-mevsimsel-isletme-yaz-kis,blog,"Derin Kuyu Mevsimsel İşletme: Yaz ve Kış Kuyu Davranışı",,bilgi,2026-09-14,aktif,baslik,4,0,
https://kosarticaret.com/blog/sondaj-kuyusu-basinc-anahtari-start-stop,blog,"Sondaj Kuyusu Basınç Anahtarı: Start-Stop ve Koruma Mantığı",,bilgi,2026-09-14,aktif,baslik,79,3,
https://kosarticaret.com/blog/kuyu-basi-montaj-check-valf-isletme,blog,"Kuyu Başı Montajı ve Check Valf: İşletme ve Arıza Belirtileri",,bilgi,2026-09-14,aktif,baslik,101,1,
https://kosarticaret.com/blog/tarimsal-sulama-kuyusu-isletme-semptomlari,blog,"Tarımsal Sulama Kuyusu: Yaygın İşletme Semptomları ve Teşhis",,bilgi,2026-09-14,aktif,baslik,16,0,
https://kosarticaret.com/blog/havuz-pompasi-isletme-sistemi,blog,"havuz devirdaim pompası nasıl çalışır",,bilgi,2026-09-14,aktif,gsc,27,0,
https://kosarticaret.com/blog/havuz-filtre-basinci-dusuk-yuksek-teshis,blog,"havuz filtre basıncı kaç olmalı",,bilgi,2026-09-14,aktif,gsc,162,2,
https://kosarticaret.com/blog/havuz-filtre-geri-yikama-cevrimi-pompa,blog,"Havuz Filtre Geri Yıkama Çevrimi: Pompa ve Vana İşletmesi",,bilgi,2026-09-14,aktif,baslik,22,0,
https://kosarticaret.com/blog/havuz-sezon-acma-kapama-pompa-isletme,blog,"Havuz Sezon Açma ve Kapama: Pompa İşletme Kontrol Listesi",,bilgi,2026-09-14,aktif,baslik,15,1,
https://kosarticaret.com/blog/havuz-kimyasal-dozaj-pompa-filtre-etkisi,blog,"Havuz Kimyasal Dozajı: Pompa ve Filtre Üzerindeki Etki",,bilgi,2026-09-14,aktif,baslik,13,0,
https://kosarticaret.com/blog/havuz-pompasi-kisa-cevrim-sicak-koruma,blog,"Havuz Pompası Kısa Çevrim ve Sıcak Koruma: Neden Sürekli Açılıp Kapanır?",,bilgi,2026-09-14,aktif,baslik,9,0,
https://kosarticaret.com/blog/havuz-pompasi-debi-dususu-teshis,blog,"Havuz Pompası Debi Düşüşü: Emiş mi, Filtre mi, Pompa mı?",,bilgi,2026-09-14,aktif,baslik,16,0,
https://kosarticaret.com/blog/havuz-on-filtre-sepet-tikanma-onleme,blog,"Havuz Ön Filtre ve Sepet Tıkanması: Önleme ve Bakım",,bilgi,2026-09-14,aktif,baslik,33,3,
https://kosarticaret.com/blog/havuz-pompasi-ses-titresim-ariza-teshis,blog,"havuz motoru",,bilgi,2026-09-14,aktif,gsc,204,2,
https://kosarticaret.com/blog/havuz-pompasi-kislama-donma-korumasi,blog,"Havuz Pompası Kışlama ve Donma Koruması",,bilgi,2026-09-14,aktif,baslik,13,0,
https://kosarticaret.com/blog/santrifuj-pompa-isletme-sistemi,blog,"Santrifüj Pompa İşletme Sistemi: Emme, Kavitasyon ve Performans Yönetimi",,bilgi,2026-09-14,aktif,baslik,8,0,
https://kosarticaret.com/blog/santrifuj-pompa-emme-priming-isletme,blog,"santrifüj pompalarda self priming ne demek",,bilgi,2026-09-14,cakisma,gsc,16,0,
https://kosarticaret.com/blog/santrifuj-pompa-kavitasyon-belirtileri-onleme,blog,npsh,,bilgi,2026-09-14,aktif,gsc,16,0,
https://kosarticaret.com/blog/santrifuj-pompa-kisa-cevrim-start-stop,blog,"Santrifüj Pompa Kısa Çevrim: Neden Sürekli Açılıp Kapanır?",,bilgi,2026-09-14,aktif,baslik,9,0,
https://kosarticaret.com/blog/santrifuj-pompa-debi-dususu-teshis,blog,"Santrifüj Pompa Debi Düşüşü: Emiş mi, Filtre mi, Pompa mı?",,bilgi,2026-09-14,aktif,baslik,7,0,
https://kosarticaret.com/blog/santrifuj-pompa-ses-titresim-ariza-teshis,blog,"Santrifüj Pompa Ses ve Titreşim: Arıza Teşhisi",,bilgi,2026-09-14,aktif,baslik,44,1,
https://kosarticaret.com/blog/santrifuj-pompa-basinc-dususu-calism-noktasi,blog,"Santrifüj Pompa Basınç Düşüşü ve Çalışma Noktası Kayması",,bilgi,2026-09-14,aktif,baslik,51,3,
https://kosarticaret.com/blog/santrifuj-pompa-foot-valf-emme-hatti-kacak,blog,"Santrifüj Pompa Foot Valf ve Emme Hattı Kaçağı: Kontrol ve Onarım",,bilgi,2026-09-14,aktif,baslik,19,0,
https://kosarticaret.com/blog/santrifuj-pompa-mevsimsel-isletme-donma-korumasi,blog,"Santrifüj Pompa Mevsimsel İşletme ve Donma Koruması",,bilgi,2026-09-14,aktif,baslik,22,1,
https://kosarticaret.com/blog/santrifuj-pompa-bakim-disiplini-periyodik-kontrol,blog,"pompa bakım periyotları",,bilgi,2026-09-14,cakisma,gsc,8,0,
https://kosarticaret.com/blog/drenaj-bodrum-su-tahliye-isletme-sistemi,blog,"foseptik tanklı pompa",,bilgi,2026-09-14,cakisma,gsc,43,5,
https://kosarticaret.com/blog/drenaj-cukuru-hacmi-hesabi-tasma-payi,blog,"drenaj çukuru","pik çukuru",bilgi,2026-09-14,aktif,gsc,121,3,
https://kosarticaret.com/blog/drenaj-pompa-flator-cevrim-start-stop,blog,"Flatörlü Drenaj Pompa Çevrimi: Start-Stop Bandı ve Kısa Çevrim",,bilgi,2026-09-14,aktif,baslik,6,0,
https://kosarticaret.com/blog/bodrum-su-basmasi-isletme-teshis,blog,"Bodrum Su Basması: İşletme Semptomları ve Teşhis Adımları",,bilgi,2026-09-14,aktif,baslik,6,0,
https://kosarticaret.com/blog/drenaj-yedek-pompa-yuksek-seviye-alarm,blog,"Drenaj Sisteminde Yedek Pompa ve Yüksek Seviye Alarmı",,bilgi,2026-09-14,aktif,baslik,12,2,
https://kosarticaret.com/blog/drenaj-elektrik-kesintisi-senaryosu,blog,"samandıra acil vidanjör","samandıra vidanjör",bilgi,2026-09-14,aktif,gsc,46,1,
https://kosarticaret.com/blog/insaat-santiye-gecici-su-tahliye-isletme,blog,"gece şantiye","şantiye suyu",bilgi,2026-09-14,aktif,gsc,29,0,
https://kosarticaret.com/blog/yagmur-suyu-birikintisi-pompa-isletme,blog,"yağmur suyu pompası",,bilgi,2026-09-14,aktif,gsc,39,0,
https://kosarticaret.com/blog/drenaj-pompa-tikanma-emis-performansi,blog,"Drenaj Pompası Tıkanıyor: Emiş Performansı ve Önleme",,bilgi,2026-09-14,aktif,baslik,19,0,
https://kosarticaret.com/blog/otopark-rampasi-drenaj-isletme,blog,"otopark rampa eğimi",,bilgi,2026-09-14,aktif,gsc,15,0,
https://kosarticaret.com/blog/hidrofor-tank-presostat-sistem-tasarimi,blog,"Hidrofor Tankı ve Presostat Sistem Tasarımı: Ön Şarj, Histerezis ve Start-Stop",,bilgi,2026-09-14,aktif,baslik,25,0,
https://kosarticaret.com/blog/hidrofor-basinc-tanki-onsarj-ayari,blog,"hidrofor basınç ayarı","ev tipi hidrofor basınç ayarı | hidrofor basınç ayarı kaç olmalı | hidrofor basınç ayarı nasıl yapılır",bilgi,2026-09-14,aktif,gsc,45,1,
https://kosarticaret.com/blog/hidrofor-presostat-histerezis-set-noktalari,blog,"hidrofor presostat",,bilgi,2026-09-30,aktif,gsc,22,0,
https://kosarticaret.com/blog/hidrofor-start-stop-salinimi-kisa-cevrim,blog,"Hidrofor Start-Stop Salınımı: Kısa Çevrim Neden Olur, Nasıl Kesilir?",,bilgi,2026-09-14,aktif,baslik,21,1,
https://kosarticaret.com/blog/hidrofor-tank-membran-omru-ve-ariza-belirtileri,blog,"hidrofor membran değişimi","100 lt hidrofor membran değişimi | hidrofor tankı membran değişimi | hidrofor membran",bilgi,2026-09-14,aktif,gsc,1815,40,
https://kosarticaret.com/blog/genlesme-tanki-mi-basinc-tanki-mi-hidrofor,blog,"hidrofor genleşme tankı","hidrofor tankı | genleşme tankı | genleşme tankı nedir",bilgi,2026-09-14,aktif,gsc,952,9,
https://kosarticaret.com/blog/hidrofor-tank-isletme-hacmi-hesabi,blog,"hidrofor tankı seçimi",,bilgi,2026-09-14,aktif,gsc,103,4,
https://kosarticaret.com/blog/cok-pompali-hidrofor-tank-presostat-iliskisi,blog,"Çok Pompalı Hidrofor Grubunda Tank ve Presostat İlişkisi",,bilgi,2026-09-14,aktif,baslik,10,0,
https://kosarticaret.com/blog/frekans-invertorlu-hidrofor-tank-ihtiyaci,blog,"Frekans İnvertörlü Hidroforde Tank İhtiyacı Azalır mı?",,bilgi,2026-09-14,aktif,baslik,18,0,
https://kosarticaret.com/blog/hidrofor-basinc-dusuyor-tank-havasi-kaciriyor,blog,"hidrofor basıncı neden düşer",,bilgi,2026-09-14,aktif,gsc,218,0,
https://kosarticaret.com/blog/foseptik-tankli-pompa-isletme-sistemi,blog,"foseptik boşaltma",,bilgi,2026-09-14,cakisma,gsc,14,0,
https://kosarticaret.com/blog/foseptik-pompa-samandira-seviye-ayari,blog,"dalgıç pompa şamandıra ayarı nasıl yapılır","dalgıç pompa şamandıra ayarı | hidrofor şamandıra ayarı | samandıra foseptik boşaltma",bilgi,2026-09-14,aktif,gsc,603,15,
https://kosarticaret.com/blog/foseptik-pompa-kisa-cevrim-surekli-calismiyor,blog,"Foseptik Pompası Kısa Çevrim: Neden Sürekli Açılıp Kapanır?",,bilgi,2026-09-14,aktif,baslik,33,0,
https://kosarticaret.com/blog/foseptik-pompa-kuru-calisma-korumasi,blog,"Foseptik Pompasında Kuru Çalışma Koruması ve Boş Çalıştırma Önleme",,bilgi,2026-09-14,aktif,baslik,10,0,
https://kosarticaret.com/blog/foseptik-cokeltme-kati-madde-pompa-performansi,blog,"foseptik boşaltma","foseptik tanklı pompa | samandıra vidanjör fiyatları | samandıra vidanjör hizmeti",bilgi,2026-09-14,cakisma,gsc,24,0,
https://kosarticaret.com/blog/septik-tank-seviye-kontrolu-pompa-devreye-girme,blog,"Septik Tank Seviye Kontrolü: Pompa Ne Zaman Devreye Girer?",,bilgi,2026-09-14,aktif,baslik,12,0,
https://kosarticaret.com/blog/foseptik-flatorlu-pompa-minimum-seviye-stop,blog,"foseptik tanklı pompa",,bilgi,2026-09-14,cakisma,gsc,11,0,
https://kosarticaret.com/blog/foseptik-pompa-tikaniyor-teshis-onleme,blog,"Foseptik Pompası Tıkanıyor: Teşhis, Önleme ve Bakım",,bilgi,2026-09-14,aktif,baslik,47,1,
https://kosarticaret.com/blog/ev-site-atik-su-pompasi-isletme-semptomlari,blog,"Ev ve Site Atık Su Pompası: Yaygın İşletme Semptomları",,bilgi,2026-09-14,aktif,baslik,5,0,
https://kosarticaret.com/blog/tankli-pompa-kabini-montaj-havalandirma-alarm,blog,"foseptik tanklı pompa","samandıra foseptik boşaltma",bilgi,2026-09-14,cakisma,gsc,15,0,
https://kosarticaret.com/blog/yangin-pompasi-sistem-tasarimi-duty-jockey-npsh-kolektor,blog,"Yangın Pompası Sistem Tasarımı: Duty-Jockey, NPSH, Kolektör ve Yedekli Kontrol",,bilgi,2026-09-14,aktif,baslik,1,0,
https://kosarticaret.com/blog/duty-jockey-basinc-set-noktalari-yangin-pompasi,blog,"Duty ve Jockey Pompa Basınç Set Noktaları: Start Sırası Nasıl Kurulur?",,bilgi,2026-09-14,aktif,baslik,5,1,
https://kosarticaret.com/blog/yangin-emis-deposu-ve-npsh-hesabi,blog,"yangın pompa hesabı","8metre | emme yüksekliği | yangın deposu hesabı",bilgi,2026-09-14,cakisma,gsc,68,2,
https://kosarticaret.com/blog/yangin-pompa-kolektor-boyutlama-rehberi,blog,"Yangın Pompası Kolektör Boyutlama: Emme ve Basma Manifoldu",,bilgi,2026-09-14,aktif,baslik,93,2,
https://kosarticaret.com/blog/yangin-pompasi-test-hatti-debimetre,blog,"yangın akış ölçer",,bilgi,2026-09-14,aktif,gsc,228,10,
https://kosarticaret.com/blog/yangin-pompasi-by-pass-hat-tasarimi,blog,"Yangın Pompası By-Pass Hattı: Ne Zaman Gerekir, Nasıl Bağlanır?",,bilgi,2026-09-14,aktif,baslik,15,0,
https://kosarticaret.com/blog/yangin-sprinkler-zon-mantigi-pompa-besleme,blog,"Yangın Sprinkler Zon Mantığı ve Pompa Besleme İlişkisi",,bilgi,2026-09-14,aktif,baslik,9,0,
https://kosarticaret.com/blog/yedekli-yangin-pompasi-kontrol-paneli-senaryolari,blog,"Yedekli Yangın Pompası Kontrolü: Elektrikli-Dizel Start ve Failover",,bilgi,2026-09-14,aktif,baslik,13,0,
https://kosarticaret.com/blog/yangin-pompasi-emis-hatti-tasarimi,blog,"Yangın Pompası Emiş Hattı Tasarımı: Çap, Filtre, Hava Tutucu",,bilgi,2026-09-14,aktif,baslik,36,1,
https://kosarticaret.com/blog/yangin-pompasi-basinc-anahtari-otomatik-start,blog,"yangın pompa hesabı",,bilgi,2026-09-14,cakisma,gsc,51,2,
https://kosarticaret.com/blog/sirkulasyon-sistemi-tasarimi-pompa-egrisi-dengeleme,blog,"pompa eğrisi",,bilgi,2026-09-14,cakisma,gsc,55,1,
https://kosarticaret.com/blog/islak-rotor-mu-kuru-rotor-mu-sirkulasyon-pompasi,blog,"rotor ne","sirkülasyon mu sirkülasyon mu",bilgi,2026-09-14,aktif,gsc,189,3,
https://kosarticaret.com/blog/sirkulasyon-pompa-egrisi-nasil-okunur,blog,"pompa eğrisi","pompa eğrisi nasıl okunur | sirkülasyon pompası hesabı | jet lag nasıl okunur",bilgi,2026-09-16,cakisma,gsc,228,2,
https://kosarticaret.com/blog/sirkulasyon-sistem-egrisi-ve-calisma-noktasi,blog,"pompa eğrisi","kalorifer konumu pompa post sirkülasyonu | kalorifer konumu pompa post sirkülasyonu ne demek | pompa performans eğrisi",bilgi,2026-09-16,cakisma,gsc,19,0,
https://kosarticaret.com/blog/hidrolik-dengeleme-nedir-sirkulasyon-sisteminde,blog,"sirkülasyonu nedir",,bilgi,2026-09-14,aktif,gsc,23,0,
https://kosarticaret.com/blog/seri-mi-paralel-mi-sirkulasyon-pompasi-baglantisi,blog,"sirkülasyon pompası gidişe mi dönüşe mi","paralel mi paralel mi | pompa seri | resirkülasyon",bilgi,2026-09-14,aktif,gsc,169,1,
https://kosarticaret.com/blog/glikollu-sirkulasyon-sisteminde-pompa-secimi,blog,"glikol pompaları","sirkülasyon pompası seçimi",bilgi,2026-09-14,aktif,gsc,22,2,
https://kosarticaret.com/blog/sirkulasyon-sisteminde-kavitasyon-belirtileri-ve-onleme,blog,"Sirkülasyon Sisteminde Kavitasyon: Belirtileri, Nedenleri ve Önleme Yolları",,bilgi,2026-09-14,aktif,baslik,18,0,
https://kosarticaret.com/blog/duty-standby-yedekli-sirkulasyon-pompasi-kurgusu,blog,"duty standby",,bilgi,2026-09-14,aktif,gsc,12,0,
https://kosarticaret.com/blog/lead-lag-donusumlu-yedek-sirkulasyon-pompasi-kontrolu,blog,"Lead-Lag Dönüşümlü Yedek Sirkülasyon Pompası Kontrolü",,bilgi,2026-09-14,aktif,baslik,6,0,
https://kosarticaret.com/blog/endustriyel-fan-turleri-secim-rehberi,blog,"endüstriyel fan çeşitleri","diş aksiyel duvar | fan tipleri",bilgi,2026-09-14,aktif,gsc,59,0,
https://kosarticaret.com/blog/aksiyel-fan-nedir-nasil-secilir,blog,"aksiyel fan nedir","aksiyel fan | aksiyel | aksiyel fan nerede kullanılır",bilgi,2026-09-14,aktif,gsc,135,1,
https://kosarticaret.com/blog/radyal-fan-nedir-nasil-secilir,blog,"radyal fan nedir","radyal ne demek | fan nedir | radyal fan",bilgi,2026-09-14,aktif,gsc,158,3,
https://kosarticaret.com/blog/aksiyel-fan-mi-radyal-fan-mi,blog,"radyal ve aksiyal fan arasındaki fark","aksiyel ve radyal fan farkı | aksiyel fan nedir | radyal fan nedir",bilgi,2026-09-14,aktif,gsc,116,2,
https://kosarticaret.com/blog/cati-fani-secimi-rehberi,blog,"çatı tipi fan montajı",,bilgi,2026-09-16,aktif,gsc,35,1,
https://kosarticaret.com/blog/kanal-fani-secimi-rehberi,blog,"Kanal Fanı Seçimi: Debi, Kanal Direnci ve Fan Tipi",,bilgi,2026-09-14,aktif,baslik,49,1,
https://kosarticaret.com/blog/kanal-fani-montaji-ses-titresim,blog,"kanal tipi fan montajı",,bilgi,2026-09-14,aktif,gsc,44,1,
https://kosarticaret.com/blog/cati-fani-mi-duvar-tipi-fan-mi,blog,"Çatı Fanı mı Duvar Tipi Fan mı? Yerleşim Karşılaştırması",,bilgi,2026-09-14,aktif,baslik,21,1,
https://kosarticaret.com/blog/radyal-fan-cark-tipleri-karsilastirma,blog,"radyal fan",,bilgi,2026-09-14,aktif,gsc,58,1,
https://kosarticaret.com/blog/fan-statik-basinc-nedir-nasil-hesaplanir,blog,"statik basınç nedir nasıl hesaplanır","statik basınç | statik basınç nedir",bilgi,2026-09-14,aktif,gsc,182,5,
https://kosarticaret.com/blog/dalgic-pompa-turleri-secim-rehberi,blog,"derin kuyu dalgıç pompa seçimi","dalgıç pompa seçimi | dalgıç pompa çeşitleri | dalgıç pompa iç yapısı",bilgi,2026-09-14,cakisma,gsc,527,7,
https://kosarticaret.com/blog/kirli-su-dalgic-pompa-nedir-secim,blog,"dalgic pompa secimi","dalgıç pompa seçimi | kirli su dalgıç pompa tavsiyesi | dalgıç pompası fiyatları",bilgi,2026-09-14,aktif,gsc,119,3,
https://kosarticaret.com/blog/paslanmaz-drenaj-dalgic-pompa-secimi,blog,"Paslanmaz Drenaj Dalgıç Pompa Seçimi: Malzeme, Korozyon ve Kullanım",,bilgi,2026-09-14,aktif,baslik,7,0,
https://kosarticaret.com/blog/bicakli-dalgic-pompa-nedir-secim,blog,"bıçaklı dalgıç pompa","bıçaklı foseptik dalgıç pompa | bıçaklı foseptik dalgıç pompa fiyatları | bıçaklı pompa",bilgi,2026-09-16,aktif,gsc,144,0,
https://kosarticaret.com/blog/dalgic-pompa-impeller-tipleri-vortex-kanal-bicakli,blog,"pompa impeller",,bilgi,2026-09-14,aktif,gsc,74,2,
https://kosarticaret.com/blog/flatorlu-dalgic-pompa-nasil-calisir,blog,"dalgıç pompa şamandırası nasıl çalışır","şamandıralı dalgıç pompa çalışma prensibi | dalgıç pompa nasıl çalışır | flatör nasıl çalışır",bilgi,2026-09-14,aktif,gsc,777,8,
https://kosarticaret.com/blog/4-inc-derin-kuyu-dalgic-pompa-secimi,blog,"kuyu pompası seçimi","derin kuyu dalgıç pompa seçimi | derin kuyu pompası seçimi",bilgi,2026-09-16,cakisma,gsc,81,1,
https://kosarticaret.com/blog/6-inc-derin-kuyu-dalgic-pompa-secimi,blog,"derin kuyu pompası seçimi","derin kuyu dalgıç pompa seçimi | kuyu pompası seçimi | dalgıç pompa seçimi",bilgi,2026-09-14,cakisma,gsc,210,3,
https://kosarticaret.com/blog/monofaze-trifaze-dalgic-pompa-farki,blog,"monofaze dalgıç pompa","trifaze dalgıç pompa | trifaze su pompası | dalgıç pompa elektrik bağlantısı",bilgi,2026-09-14,aktif,gsc,807,20,
https://kosarticaret.com/blog/dalgic-pompa-motor-tipleri-yag-su-sogutmali,blog,"dalgıç pompa yağı","dalgıç pompa iç yapısı | dalgıç pompa nedir | motopomp nedir",bilgi,2026-09-14,aktif,gsc,617,18,
https://kosarticaret.com/blog/hidrofor-grubu-secim-rehberi,blog,"hidrofor seçimi","hidrofor pompa seçimi | hidrofor secimi | hidrofor seçim tablosu",bilgi,2026-09-14,cakisma,gsc,114,2,
https://kosarticaret.com/blog/cok-pompali-hidrofor-avantajlari,blog,"Çok Pompalı Hidrofor Avantajları: Yedekli ve Kesintisiz Basınç",,bilgi,2026-09-16,aktif,baslik,17,0,
https://kosarticaret.com/blog/otel-site-hidrofor-grubu-secimi,blog,"Otel ve Site Hidrofor Grubu Seçimi: Debi ve Basınç Hesabı",,bilgi,2026-09-16,aktif,baslik,24,0,
https://kosarticaret.com/blog/frekans-invertorlu-hidrofor-grubu,blog,"inverter hidrofor","hidrofor inverter",bilgi,2026-09-14,cakisma,gsc,35,1,
https://kosarticaret.com/blog/hidrofor-grubu-boyutlandirma-rehberi,blog,"Hidrofor Grubu Boyutlandırma Rehberi: Debi ve Basınç Hesabı",,bilgi,2026-09-16,aktif,baslik,20,0,
https://kosarticaret.com/blog/sicak-su-hidroforu-secimi,blog,"sıcak su pompası seçimi","sıcak su hidroforu",bilgi,2026-09-14,aktif,gsc,133,0,
https://kosarticaret.com/blog/karavan-tekne-12-24-volt-hidrofor,blog,"karavan hidrofor","tekne hidrofor | hidrofor kaç amper çeker | karavan hidroforu",bilgi,2026-09-14,aktif,gsc,267,4,
https://kosarticaret.com/blog/hidrofor-grubu-ev-tipi-karsilastirma,blog,"ev tipi hidrofor","hidrofor mu hidrofor mu | hidrofor ev tipi | hidrafor mu hidrofor mu",bilgi,2026-09-16,aktif,gsc,83,0,
https://kosarticaret.com/blog/hidrofor-grubu-fiyatlari-2026-rehberi,blog,"hidrofor fiyat","hidrofor fiyatları | hidrofor ne kadar",ticari,2026-09-27,aktif,gsc,66,1,
https://kosarticaret.com/blog/hidrofor-grubu-ariza-bakim-rehberi,blog,"hidrofor arızası","hidrofor arızaları | hidrofor basınç şalteri arızası | hidrofor otomatik devreye girmiyor",bilgi,2026-09-14,aktif,gsc,195,0,
https://kosarticaret.com/blog/santrifuj-pompa-turleri-secim-rehberi,blog,"santrifüj pompa çeşitleri","santrifüj pompa seçimi | salyangoz pompa çeşitleri | santrifüj pompalar",bilgi,2026-09-14,aktif,gsc,317,2,
https://kosarticaret.com/blog/tek-fanli-santrifuj-pompa-rehberi,blog,"santrifüj pompa seçimi","santrifüj pompa seçim programı",bilgi,2026-09-14,cakisma,gsc,53,0,
https://kosarticaret.com/blog/cift-fanli-santrifuj-pompa-rehberi,blog,"Çift Fanlı Santrifüj Pompa Rehberi: Yüksek Debi ve Basınç",,bilgi,2026-09-14,aktif,baslik,13,0,
https://kosarticaret.com/blog/salyangoz-pompa-rehberi,blog,"salyangoz pompa nedir","salyangoz pompa çalışma prensibi | salyangoz pompa | salyangoz santrifüj pompa",bilgi,2026-09-14,aktif,gsc,394,8,
https://kosarticaret.com/blog/paslanmaz-santrifuj-pompa-secimi,blog,"santrifüj pompa seçimi","paslanmaz santrifüj pompa | paslanmaz pompa",bilgi,2026-09-14,cakisma,gsc,25,1,
https://kosarticaret.com/blog/sulama-santrifuj-pompasi-rehberi,blog,"santrifüj sulama pompası",tarım,bilgi,2026-09-14,aktif,gsc,89,2,
https://kosarticaret.com/blog/santrifuj-pompa-emme-priming-rehberi,blog,"santrifüj pompalarda self priming ne demek",,bilgi,2026-09-16,cakisma,gsc,60,1,
https://kosarticaret.com/blog/santrifuj-pompa-fiyatlari-2026-rehberi,blog,fiyat,"fiyatı | fiyatları | pompa fiyatları",ticari,2026-09-27,cakisma,gsc,88,0,
https://kosarticaret.com/blog/santrifuj-pompa-ariza-bakim-rehberi,blog,"elektrikli su motoru tamiri","santrifüj pompa tamiri",bilgi,2026-09-16,aktif,gsc,221,3,
https://kosarticaret.com/blog/jet-pompa-secim-rehberi-kapsamli,blog,"kuyu pompası seçimi","derin kuyu dalgıç pompa seçimi | derin kuyu pompası seçimi | enjektörlü su pompası",bilgi,2026-09-16,cakisma,gsc,29,1,
https://kosarticaret.com/blog/derinden-emisli-jet-pompa-rehberi,blog,"jet su pompası nasıl çalışır",,bilgi,2026-09-16,cakisma,gsc,46,3,
https://kosarticaret.com/blog/sig-kuyu-jet-pompa-rehberi,blog,"Sığ Kuyu Jet Pompa Rehberi: Bahçe, Gölet ve Sarnıç",,bilgi,2026-09-16,aktif,baslik,14,1,
https://kosarticaret.com/blog/tek-cift-ejektorlu-jet-pompa-farki,blog,"jet pompa nedir",,bilgi,2026-09-16,cakisma,gsc,21,0,
https://kosarticaret.com/blog/jet-pompa-hidrofor-baglanti-rehberi,blog,"jet su pompası nasıl çalışır","dalgıç pompa hidrofor bağlantısı | ev için | jet pompa hidrofor",bilgi,2026-09-14,cakisma,gsc,330,12,
https://kosarticaret.com/blog/jet-pompa-bahce-sulama-rehberi,blog,"Jet Pompa Bahçe Sulama Rehberi: Debi ve Basınç Hesabı",,bilgi,2026-09-16,aktif,baslik,64,2,
https://kosarticaret.com/blog/jet-pompa-emme-priming-rehberi,blog,"Jet Pompa Emme ve Priming Rehberi: Su Çekmeme Çözümleri",,bilgi,2026-09-16,aktif,baslik,21,0,
https://kosarticaret.com/blog/jet-pompa-fiyatlari-2026-rehberi,blog,"fiyat farkı nedir","ortalama maliyet",ticari,2026-09-27,aktif,gsc,43,0,
https://kosarticaret.com/blog/jet-pompa-ariza-bakim-rehberi,blog,"jet su pompası nasıl çalışır","jet pompa nedir",bilgi,2026-09-16,cakisma,gsc,125,3,
https://kosarticaret.com/blog/jet-pompa-kurulum-rehberi,blog,"jet su pompası nasıl çalışır","jet foot | kuyudan",bilgi,2026-09-16,cakisma,gsc,169,1,
https://kosarticaret.com/blog/kademeli-pompa-nedir-ne-ise-yarar-nasil-secilir,blog,"dalgıç pompada kademe ne işe yarar","kademeli pompa | kademeli pompa nedir | kademeli su pompası",bilgi,2026-09-14,aktif,gsc,951,6,
https://kosarticaret.com/blog/dikey-kademeli-pompa-rehberi,blog,"kademeli dalgıç pompa nedir",,bilgi,2026-09-14,cakisma,gsc,42,0,
https://kosarticaret.com/blog/monoblok-yatay-kademeli-pompa-secimi,blog,"monoblok pompa","monoblok pompa nedir",bilgi,2026-09-14,aktif,gsc,10,0,
https://kosarticaret.com/blog/yuksek-bina-kademeli-pompa-boyutlandirma,blog,"Yüksek Bina ve Site İçin Kademeli Pompa Boyutlandırma Rehberi",,bilgi,2026-09-14,aktif,baslik,14,1,
https://kosarticaret.com/blog/kademeli-pompa-mi-santrifuj-pompa-mi,blog,"kademeli santrifüj","kademeli dalgıç pompa nedir",bilgi,2026-09-14,aktif,gsc,97,2,
https://kosarticaret.com/blog/norm-tipi-yatay-kademeli-pompa-rehberi,blog,"kimyasal norm pompa","yatay kademeli pompa",bilgi,2026-09-14,aktif,gsc,38,1,
https://kosarticaret.com/blog/frekans-kontrollu-kademeli-pompa-avantajlari,blog,"frekans kontrollü pompa nedir","frekans inverteri seçim rehberi",bilgi,2026-09-16,aktif,gsc,15,0,
https://kosarticaret.com/blog/kademeli-pompa-fiyatlari-2026-rehberi,blog,"kaç tl",,bilgi,2026-09-27,aktif,gsc,32,0,
https://kosarticaret.com/blog/kademeli-pompa-calismiyor-ariza-bakim-rehberi,blog,"dalgıç pompa arızaları","dalgıç pompa pano arızası | dalgıç pompa termik arızası | dalgıç pompa çalışıyor ama su basmıyor",bilgi,2026-09-16,aktif,gsc,295,5,
https://kosarticaret.com/blog/havuz-pompasi-secimi-rehberi,blog,"Havuz Pompası Seçimi: Debi, Filtre ve Kurulum Rehberi",,bilgi,2026-09-14,aktif,baslik,30,0,
https://kosarticaret.com/blog/dizel-motopomp-secimi-rehberi,blog,"motopomp nedir","motopomp | sulama pompa seçimi",bilgi,2026-09-14,aktif,gsc,66,0,
https://kosarticaret.com/blog/keson-kuyu-pompa-rehberi,blog,"keson kuyu","keson kuyu pompası | 25 metre | keson kuyu yapımı",bilgi,2026-09-14,aktif,gsc,214,4,
https://kosarticaret.com/blog/foseptik-tahliye-cihazi-rehberi,blog,"foseptik boşaltma aracı boşaltıcı","foseptik boşaltma | foseptik atık nedir",bilgi,2026-09-16,aktif,gsc,140,0,
https://kosarticaret.com/blog/kirli-su-tahliye-pompasi-secimi,blog,"einhell dalgıç pompa kirli su","einhell kirli su dalgıç pompa",bilgi,2026-09-14,aktif,gsc,75,2,
https://kosarticaret.com/blog/derin-kuyu-pompa-fiyatlari-2026-rehberi,blog,"derin kuyu pompası seçimi","derin kuyular | derinkuyu milli pompa fiyatları | fiyatlari",bilgi,2026-09-27,cakisma,gsc,72,0,
https://kosarticaret.com/blog/kuyu-suyu-hidrofor-baglanti-rehberi,blog,"hidrofor bağlantı şeması","kuyuya hidrofor nasıl bağlanır | hidrofor elektrik bağlantısı şeması | kuyu hidroforu",bilgi,2026-09-30,aktif,gsc,2521,54,
https://kosarticaret.com/blog/ozel-amacli-pompalar-nedir-nasil-secilir,blog,"Özel Amaçlı Pompalar Nedir? Nasıl Seçilir? Kapsamlı Rehber",,bilgi,2026-09-14,aktif,baslik,8,3,
https://kosarticaret.com/blog/yangin-pompa-bakim-test-rehberi,blog,"jokey pompa seçimi",,bilgi,2026-09-14,aktif,gsc,53,0,
https://kosarticaret.com/blog/yangin-pompasi-hangi-binalarda-zorunlu,blog,"yangin pompasi","yangın hidroforu seçimi",bilgi,2026-09-14,aktif,gsc,114,2,
https://kosarticaret.com/blog/jockey-pompa-yangin-sistemi-nedir,blog,"Jockey Pompa Nedir? Yangın Sisteminde Görevi",,bilgi,2026-09-16,aktif,baslik,9,0,
https://kosarticaret.com/blog/yangin-pompa-debi-basinc-hesabi,blog,"yangın pompası hesabı","yangın pompası seçim programı | yangın pompa hesabı | pratik yangın pompası hesabı",bilgi,2026-09-16,aktif,gsc,338,13,
https://kosarticaret.com/blog/bina-yangin-pompasi-secimi,blog,"yangın pompası seçim programı","yangın hidroforu seçim programı | yangın pompası seçimi | jokey pompa seçimi",bilgi,2026-09-16,aktif,gsc,44,0,
https://kosarticaret.com/blog/elektrikli-dizel-yangin-pompa-sistemi,blog,"elektrikli yangın pompası",,bilgi,2026-09-14,aktif,gsc,22,2,
https://kosarticaret.com/blog/yangin-hidroforu-ile-konut-hidrofor-farki,blog,"yangın hidrofor seçimi","yangın hidroforu seçimi | yangın hidroforu nedir",bilgi,2026-09-14,aktif,gsc,91,2,
https://kosarticaret.com/blog/yangin-pompa-fiyatlari-2026-rehberi,blog,"yangın pompa fiyatları",,ticari,2026-09-27,aktif,gsc,67,1,
https://kosarticaret.com/blog/yangin-pompasi-nedir-nasil-secilir,blog,"yangın pompası","yangin pompasi | yangın hidroforu seçimi | yangın pompaları",bilgi,2026-09-16,ticari-kelime,gsc,167,0,
https://kosarticaret.com/blog/yerli-ithal-hidrofor-marka-karsilastirma,blog,"yerli hidrofor markaları","hidrofor markaları | en kaliteli hidrofor markası | en iyi hidrofor markası",bilgi,2026-09-14,aktif,gsc,156,5,
https://kosarticaret.com/blog/sumak-hidrofor-sks-skt-serileri,blog,"Sumak Hidrofor SKS ve SKT Serileri: Farklar ve Model Seçimi",,bilgi,2026-09-14,aktif,baslik,12,1,
https://kosarticaret.com/blog/winpo-paket-hidrofor-secimi,blog,"hidrofor seçim programı","hidrofor seçimi programı | ev tipi hidrofor kurulumu | hidrofor seçimi",bilgi,2026-09-14,aktif,gsc,38,0,
https://kosarticaret.com/blog/kaysu-pompa-marka-rehberi,blog,"Kaysu Pompa Nasıl Seçilir? Hidrofor, Santrifüj ve Dalgıç",,bilgi,2026-09-27,aktif,baslik,52,2,
https://kosarticaret.com/blog/pedrollo-dalgic-pompa-modelleri-rehberi,blog,"dalgıç pompa seçimi",,bilgi,2026-09-27,aktif,gsc,175,2,
https://kosarticaret.com/blog/sumak-pompa-marka-rehberi,blog,"Sumak Pompa Nasıl Seçilir? Hidrofor, Dalgıç ve Santrifüj",,bilgi,2026-09-27,aktif,baslik,32,1,
https://kosarticaret.com/blog/winpo-hidrofor-marka-rehberi,blog,"Winpo Hidrofor Nasıl Seçilir? Paket Sistem ve Tank",,bilgi,2026-09-27,aktif,baslik,31,0,
https://kosarticaret.com/blog/pedrollo-pompa-marka-rehberi,blog,"italyan hidrofor markaları","en iyi hidrofor markaları | italyan pompa markaları",bilgi,2026-09-27,aktif,gsc,210,0,
https://kosarticaret.com/blog/en-iyi-hidrofor-markalari-2026,blog,"en iyi hidrofor markaları","en iyi hidrofor markası | hidrofor markaları | en iyi hidrofor",bilgi,2026-09-14,aktif,gsc,878,10,
https://kosarticaret.com/blog/sirkulasyon-pompasi-nedir-nasil-secilir,blog,"sirkülasyon pompası seçimi","sirkülasyon pompası | kalorifer pompası | sirkulasyon pompasi",bilgi,2026-09-14,cakisma,gsc,937,7,
https://kosarticaret.com/blog/rekorlu-disli-sirkulasyon-pompa-rehberi,blog,"Rekorlu Dişli Sirkülasyon Pompası Rehberi: Seçim ve Montaj",,bilgi,2026-09-14,aktif,baslik,12,0,
https://kosarticaret.com/blog/inline-sirkulasyon-pompa-rehberi,blog,"in line pompa","inline pompa",bilgi,2026-09-16,aktif,gsc,31,1,
https://kosarticaret.com/blog/flansli-sirkulasyon-pompa-rehberi,blog,"flanşlı sirkülasyon pompası","pn16 | sirkülasyon",bilgi,2026-09-14,aktif,gsc,52,0,
https://kosarticaret.com/blog/sicak-su-sirkulasyon-pompasi-secimi,blog,"sıcak su sirkülasyon pompası","sıcak su pompası seçimi | sıcak su pompası | sıcak su kazan pompası",bilgi,2026-09-14,aktif,gsc,95,0,
https://kosarticaret.com/blog/yerden-isitma-sirkulasyon-pompasi-secimi,blog,"sirkülasyon pompası seçimi","sirkülasyon pompası seçimi nasıl yapılır | ısıtma pompa sistemleri",bilgi,2026-09-14,cakisma,gsc,131,3,
https://kosarticaret.com/blog/frekans-kontrollu-sirkulasyon-pompa-avantajlari,blog,"Frekans Kontrollü Sirkülasyon Pompası: ECM Avantajları",,bilgi,2026-09-14,aktif,baslik,67,0,
https://kosarticaret.com/blog/sirkulasyon-pompa-fiyatlari-2026-rehberi,blog,fiyat,"elektronik pompa | evet | fiyati",ticari,2026-09-27,cakisma,gsc,90,1,
https://kosarticaret.com/blog/sirkulasyon-pompa-calismiyor-ariza-rehberi,blog,"kalorifer sirkülasyon pompası arızaları","dab sirkülasyon pompası arızaları | sirkülasyon pompası tamiri | sirkulasyon motorunun bozulmasi kombi",bilgi,2026-09-16,aktif,gsc,289,0,
https://kosarticaret.com/blog/hidrofor-fiyatlari-2026-ev-apartman,blog,"apartman hidrofor fiyatları","ev hidrofor fiyatları | hidrofor apartman | apartman hidrofor",ticari,2026-09-27,aktif,gsc,620,6,
https://kosarticaret.com/blog/vantilator-nedir-nasil-secilir,blog,"vantilatör nedir","vantilatör ne demek | sanayi tipi vantilatör ne demek | vantilator nedir",bilgi,2026-09-14,aktif,gsc,925,1,
https://kosarticaret.com/blog/sanayi-tipi-vantilator-secimi-rehberi,blog,"sanayi tipi vantilatör ne demek","en iyi sanayi tipi vantilatör | sanayi tipi vantilatör nedir | sanayi tipi vantilatör tavsiye",bilgi,2026-09-14,aktif,gsc,98,1,
https://kosarticaret.com/blog/duvar-tipi-vantilator-montaj-secim,blog,"vantilatör duvara nasıl monte edilir","ayaklı vantilatör duvara nasıl monte edilir | sanayi tipi vantilatör duvara montaj | duvara montaj vantilatör",bilgi,2026-09-16,aktif,gsc,352,6,
https://kosarticaret.com/blog/depo-fabrika-havalandirma-rehberi,blog,"fabrika havalandırma",,bilgi,2026-09-16,aktif,gsc,68,2,
https://kosarticaret.com/blog/vantilator-debi-hesabi-ach-rehberi,blog,"fan hesabı","bodrum kat",bilgi,2026-09-16,aktif,gsc,130,5,
https://kosarticaret.com/blog/vantilator-fiyatlari-2026-rehberi,blog,"vantilatör fiyatları 2026","vanti vantilatör fiyatları",ticari,2026-09-27,aktif,gsc,98,1,
https://kosarticaret.com/blog/vantilator-bakim-rehberi,blog,"vantilatör ayda ne kadar yakar","vantilatör bakımı nasıl yapılır | vantilatör yıkanır mı",bilgi,2026-09-14,aktif,gsc,163,0,
https://kosarticaret.com/blog/kosar-vantilator-modelleri-rehberi,blog,evet,,bilgi,2026-09-14,aktif,gsc,155,2,
https://kosarticaret.com/blog/su-pompasi-cesitleri-nasil-secilir,blog,"su pompası çeşitleri","sıcak su pompası seçimi | su pompası seçimi | su pompa çeşitleri",bilgi,2026-09-16,aktif,gsc,1101,8,
https://kosarticaret.com/blog/santrifuj-pompa-nedir-kullanim-alanlari,blog,"santrifüj pompalar","santrifüj pompa nedir | santrifüj | santrifüj nedir",bilgi,2026-09-14,aktif,gsc,176,2,
https://kosarticaret.com/blog/jet-pompa-nedir-kullanim-alanlari,blog,"jet pompa nedir","jet pompa | jet su pompası nasıl çalışır | jet pompa kaç metreden su çeker",bilgi,2026-09-16,cakisma,gsc,248,1,
https://kosarticaret.com/blog/kademeli-pompa-ne-zaman-tercih-edilir,blog,"kademeli dalgıç pompa nedir",,bilgi,2026-09-14,cakisma,gsc,84,2,
https://kosarticaret.com/blog/su-pompasi-fiyatlari-2026-rehberi,blog,"calpeda pompa fiyatları","su pompası fiyatları | yenisi ne kadar | في تركيا",ticari,2026-09-27,aktif,gsc,160,2,
https://kosarticaret.com/blog/pompa-debi-basma-yuksekligi-hesabi,blog,"pompa basma yüksekliği hesabı","pompa hesabı | debiye uygun pompa seçimi | dalgıç pompa su basma yüksekliği hesabı",bilgi,2026-09-16,aktif,gsc,294,3,
https://kosarticaret.com/blog/jet-pompa-mi-dalgic-pompa-mi-farki,blog,"santrifüj pompa ile dalgıç pompa arasındaki fark",,bilgi,2026-09-16,aktif,gsc,152,2,
https://kosarticaret.com/blog/ev-icin-su-pompasi-secimi-rehberi,blog,"su pompası seçimi","sıcak su pompası seçimi | atık su pompası seçimi | su pompa seçimi",bilgi,2026-09-14,aktif,gsc,578,4,
https://kosarticaret.com/blog/tarimsal-sulama-pompasi-secimi-rehberi,blog,"sulama pompa seçimi","tarımsal sulama | tarımsal sulama pompası",bilgi,2026-09-14,aktif,gsc,101,1,
https://kosarticaret.com/blog/preferikal-pompa-nedir-surtme-fanli,blog,"preferikal pompa ne demek","preferikal pompa | sürtme fanlı pompa nedir",bilgi,2026-09-14,aktif,gsc,89,4,
https://kosarticaret.com/blog/apartman-icin-hidrofor-nasil-secilir,blog,"hidrofor seçimi","hidrafor seçimi | hidrofor pompa seçimi | hidrofor secimi",bilgi,2026-09-14,cakisma,gsc,746,12,
https://kosarticaret.com/blog/ev-tipi-hidrofor-rehberi-mustakil-ev-villa,blog,"müstakil ev için hidrofor","villa tipi hidrofor | müstakil ev için hidrofor tavsiyesi | müstakil ev için hidrofor fiyatları",bilgi,2026-09-14,aktif,gsc,745,16,
https://kosarticaret.com/blog/hidrofor-hidromat-farki,blog,"hidromat nedir","hidromat ne işe yarar | hidromat | hidromat ile hidrofor arasındaki fark",bilgi,2026-09-24,aktif,gsc,1791,32,
https://kosarticaret.com/blog/apartmanda-su-basinci-dusuk-hidrofor-gerekir-mi,blog,"hidrofor ne işe yarar","regülatör basınç ayarı düşükse ne olur",bilgi,2026-09-16,aktif,gsc,473,8,
https://kosarticaret.com/blog/hidrofor-surekli-calisyor-sebepler-cozum,blog,"hidrofor sürekli çalışıyor ne yapmalıyım","ev tipi hidrofor sürekli çalışıyor | hidrofor sürekli çalışıyor | hidrofor neden sürekli çalışır",bilgi,2026-09-16,aktif,gsc,3594,26,
https://kosarticaret.com/blog/hidrofor-basinc-tanki-secimi,blog,"hidrofor basınç tankı","hidrofor hava basıncı kaç olmalı | 50 lt hidrofor tankı kaç bar hava basılır | membranlı hidrofor çalışma prensibi",bilgi,2026-09-16,aktif,gsc,321,1,
https://kosarticaret.com/blog/pedrollo-sumak-hidrofor-karsilastirma,blog,"Pedrollo mu Sumak Hidrofor mu? Marka Karşılaştırması 2026",,bilgi,2026-09-14,aktif,baslik,55,1,
https://kosarticaret.com/blog/hidrofor-bakim-rehberi,blog,"hidrofor bakımı","hidrofor kullanma ve bakım talimatı",bilgi,2026-09-16,aktif,gsc,279,5,
https://kosarticaret.com/blog/inverter-hidrofor-avantajlari,blog,"inverter hidrofor","frekans kontrollü hidrofor | invertörlü hidrofor | hidrofor inverter",bilgi,2026-09-16,cakisma,gsc,79,2,
https://kosarticaret.com/blog/dalgic-pompa-nedir-ne-ise-yarar-nasil-secilir,blog,"dalgıç pompa nedir","dalgıç pompa ne işe yarar | dalgıç pompa nasıl çalışır | dalgıç",bilgi,2026-09-14,aktif,gsc,1402,2,
https://kosarticaret.com/blog/kuyu-dalgic-pompa-secimi-derinlik-rehberi,blog,"derin kuyu dalgıç pompa seçimi","kuyu pompası seçimi | dalgıç pompa seçimi | derin kuyu pompası seçimi",bilgi,2026-09-16,cakisma,gsc,2372,38,
https://kosarticaret.com/blog/temiz-su-dalgic-pompa-rehberi,blog,"en iyi dalgıç pompa","kuyu pompası seçimi | wasserpumpe zisterne",bilgi,2026-09-14,aktif,gsc,40,0,
https://kosarticaret.com/blog/foseptik-dalgic-pompa-secimi-rehberi,blog,"foseptik pompası","foseptik dalgıç pompa tavsiye | foseptik boşaltma | atıksu pompa seçimi",bilgi,2026-09-14,aktif,gsc,186,4,
https://kosarticaret.com/blog/drenaj-dalgic-pompa-rehberi-bodrum-yagmur-suyu,blog,"samandıra foseptik boşaltma","bodrum | drenaj dalgıç pompa | drenaj pompası",bilgi,2026-09-16,aktif,gsc,177,1,
https://kosarticaret.com/blog/dalgic-pompa-calismiyor-ariza-cozum,blog,"kuyu dalgıç pompa arızaları","dalgıç pompa neden çalışmaz | dalgıç pompa çalışmıyor ne yapmalıyım | dalgıç pompa arızaları",bilgi,2026-09-16,aktif,gsc,2327,16,
https://kosarticaret.com/blog/pedrollo-sumak-dalgic-pompa-karsilastirma,blog,"Pedrollo mu Sumak Dalgıç Pompa mı? Karşılaştırma ve Seçim",,bilgi,2026-09-14,aktif,baslik,39,1,
https://kosarticaret.com/blog/solar-dc-dalgic-pompa-avantajlari-secim,blog,"dc dalgıç pompa","dc solar pompa | solar dalgıç pompa | solar pompa",bilgi,2026-09-16,aktif,gsc,101,3,
https://kosarticaret.com/blog/dalgic-pompa-kurulum-ipuclari,blog,"derin kuyu dalgıç pompa montajı","dalgıç pompa kurulumu | dalgıç pompa nasıl bağlanır | dalgıç pompa montajı",bilgi,2026-09-16,aktif,gsc,2382,53,
https://kosarticaret.com/blog/hidrofor-nedir-ne-ise-yarar-nasil-calisir,blog,"hidrofor nedir","hidrofor seçimi | apartman hidrofor sistemi nasıl çalışır | hidrofor ne işe yarar",bilgi,2026-09-14,aktif,gsc,1939,13,
https://kosarticaret.com/blog/hidrofor-secimi-rehberi,blog,"hidrofor seçimi","hidrofor tankı seçimi | online hidrofor seçimi",bilgi,2026-09-28,cakisma,gsc,4,0,
https://kosarticaret.com/blog/dalgic-pompa-bakimi,blog,"dalgıç pompa bakımı nasıl yapılır","dalgıç pompa temizliği | dalgıç pompa yağı",bilgi,2026-09-28,aktif,gsc,157,4,
https://kosarticaret.com/kategoriler/su-pompalari,kategori,"su pompa çeşitleri","pompa çeşitleri | su pompası çeşitleri | 2 kademeli su pompası fiyatları",ticari,2026-09-29,aktif,gsc,43,4,
https://kosarticaret.com/kategoriler/elektrik-ve-aydinlatma,kategori,,,ticari,2026-08-29,aktif,yok,3,0,
https://kosarticaret.com/kategoriler/vantilatorler,kategori,,,ticari,2026-08-29,aktif,yok,108,4,
https://kosarticaret.com/kategoriler/vantilatorler/sanayi-tipi-vantilator,kategori,"sanayi tipi vantilatör","sanayi tipi pervane | sanayi vantilatör | endüstriyel vantilatör",ticari,2026-08-29,aktif,gsc,927,19,
https://kosarticaret.com/kategoriler/hidrofor-sistemleri,kategori,"hidrofor çeşitleri","hidrofor modelleri | bina hidrofor | hidrofor seti",ticari,2026-09-30,aktif,gsc,311,7,
https://kosarticaret.com/kategoriler/hidrofor-sistemleri/pedrollo-hidrofor,kategori,"pedrollo hidrofor","pedrollo hidrofor fiyatları",ticari,2026-09-30,aktif,gsc,74,3,
https://kosarticaret.com/kategoriler/su-pompalari/preferikal-pompalar-surtme-fanli,kategori,"preferikal pompa",,ticari,2026-09-29,aktif,gsc,34,3,
https://kosarticaret.com/kategoriler/su-pompalari/jet-pompalar-derinden-emisli,kategori,"kendinden emişli su pompası","jet pompa | kendinden emişli pompa | emişli pompa",ticari,2026-09-29,aktif,gsc,122,7,
https://kosarticaret.com/kategoriler/hidrofor-sistemleri/hidromat,kategori,"hidromat ne işe yarar","hidromat fiyatları | hidromat | hidromat nedir",ticari,2026-09-29,aktif,gsc,65,0,
https://kosarticaret.com/kategoriler/hidrofor-sistemleri/hidrofor-grubu,kategori,"5 katlı bina için hidrofor fiyatları","hidrofor sistemleri",ticari,2026-09-30,aktif,gsc,2,0,
https://kosarticaret.com/kategoriler/hidrofor-sistemleri/sumak-hidrofor,kategori,"sumak hidrofor","sumak hidrofor fiyatları | sumak hidrofor fiyat listesi | hidrofor sumak",ticari,2026-09-30,aktif,gsc,152,2,
https://kosarticaret.com/kategoriler/hidrofor-sistemleri/sicak-su-hidroforu,kategori,"sıcak su hidroforu","nereden alabilirim | otomatik sıcak su hidroforu | sicak su hidroforu",ticari,2026-09-29,aktif,gsc,105,1,
https://kosarticaret.com/kategoriler/hidrofor-sistemleri/hidroforlar,kategori,"bina hidrofor","hidrofor modelleri | hidrofor çeşitleri | ev tipi hidrofor",ticari,2026-09-29,aktif,gsc,319,11,
https://kosarticaret.com/kategoriler/hidrofor-sistemleri/ev-tipi-hidroforlar,kategori,"ev tipi hidrofor","hidrofor ev tipi | 2 katlı ev için hidrofor | müstakil ev için hidrofor",ticari,2026-09-29,aktif,gsc,300,2,
https://kosarticaret.com/kategoriler/su-pompalari/dalgic-pompalar,kategori,"dalgıç pompa çeşitleri","içten flatörlü dalgıç pompa | dalgiç | flatörlü dalgıç pompa",ticari,2026-09-29,aktif,gsc,36,0,
https://kosarticaret.com/kategoriler/su-pompalari/dalgic-pompalar/temiz-su-dalgic-pompasi,kategori,"temiz su dalgıç pompa","temiz su dalgıç pompası | dalgıç temiz su pompaları | temiz su pompası",ticari,2026-09-29,aktif,gsc,66,1,
https://kosarticaret.com/kategoriler/su-pompalari/santrifuj-pompalar,kategori,"santrifüj pompa","santrifüj pompalar | santrifüj pompa çeşitleri | santrifuj pompa",ticari,2026-09-29,aktif,gsc,262,2,
https://kosarticaret.com/kategoriler/su-pompalari/santrifuj-pompalar/tek-fanli-santrifuj-pompa,kategori,"1 hp santrifüj pompa",,ticari,2026-09-29,aktif,gsc,7,0,
https://kosarticaret.com/kategoriler/su-pompalari/santrifuj-pompalar/paslanmaz-pompalar-kimyasal,kategori,"paslanmaz pompa","kimyasal pompalar | kimyasal pompa | kimyasal pompası",ticari,2026-09-29,aktif,gsc,129,3,
https://kosarticaret.com/kategoriler/su-pompalari/dalgic-pompalar/paslanmaz-drenaj-dalgic-pompa,kategori,"bu ürünü bul","paslanmaz dalgıç pompa",ticari,2026-09-29,aktif,gsc,33,1,
https://kosarticaret.com/kategoriler/su-pompalari/ozel-amacli-pompalar,kategori,"korozif havuz nedir",,ticari,2026-09-29,aktif,gsc,60,1,
https://kosarticaret.com/kategoriler/su-pompalari/ozel-amacli-pompalar/keson-kuyu-pompa,kategori,"keson kuyu","keson kuyu dalgıç pompa | keson kuyu pompası | keson kuyu büzü fiyatları",ticari,2026-09-29,aktif,gsc,215,1,
https://kosarticaret.com/kategoriler/su-pompalari/dalgic-pompalar/derin-kuyu-dalgic-pompa,kategori,"derin kuyu pompası","derin kuyu pompa fiyatları | kuyu pompası | kuyu dalgıç pompa",ticari,2026-09-29,aktif,gsc,1284,2,
https://kosarticaret.com/kategoriler/su-pompalari/kademeli-pompalar,kategori,"kademeli pompa","tek kademeli pompa | kademeli pompalar | çok kademeli pompa",ticari,2026-09-29,aktif,gsc,78,0,
https://kosarticaret.com/kategoriler/su-pompalari/kademeli-pompalar/dikey-kademeli-pompalar,kategori,"dikey kademeli pompa","dikey su pompası | düşey kademeli pompa | çok kademeli pompa",ticari,2026-09-29,aktif,gsc,138,2,
https://kosarticaret.com/kategoriler/su-pompalari/santrifuj-pompalar/cift-fanli-santrifuj-pompa,kategori,"çift emişli santrifüj pompa","2 lik santrifüj | santrifüj pompa fanı | 2 hp santrifüj pompa",ticari,2026-09-29,aktif,gsc,57,3,
https://kosarticaret.com/kategoriler/su-pompalari/dalgic-pompalar/foseptik-dalgic-pompa,kategori,"foseptik tanklı pompa","foseptik drenaj pompa | foseptik pompası | foseptik çukuru pompası",ticari,2026-09-30,aktif,gsc,314,7,
https://kosarticaret.com/kategoriler/su-pompalari/dalgic-pompalar/bicakli-dalgic-pompa,kategori,"parçalayici bıçaklı foseptik dalgıç pompa","bıçaklı foseptik dalgıç pompa fiyatları | bıçaklı dalgıç pompa | kırıcılı dalgıç pompa",ticari,2026-09-30,aktif,gsc,60,1,
https://kosarticaret.com/kategoriler/su-pompalari/santrifuj-pompalar/santrifuj-pompalar-sulama,kategori,"santrifüj pompa","santrifüj pompa fiyatları | santrifüj sulama pompası | santrifüj fiyatları",ticari,2026-09-29,aktif,gsc,341,0,
https://kosarticaret.com/kategoriler/su-pompalari/dalgic-pompalar/drenaj-dalgic-pompa,kategori,"drenaj dalgıç pompa","drenaj pompası | drenaj pompaları | drenaj pompa sistemleri",ticari,2026-09-29,aktif,gsc,127,2,
https://kosarticaret.com/kategoriler/su-pompalari/kademeli-pompalar/monoblok-yatay-kademeli,kategori,"monoblok pompa","yatay kademeli pompa | yatay milli pompa | yatay milli kademeli pompa",ticari,2026-09-29,aktif,gsc,86,0,
https://kosarticaret.com/kategoriler/su-pompalari/ozel-amacli-pompalar/foseptik-tahliye-cihazi,kategori,"foseptik tanklı pompa","foseptik boşaltma aracı boşaltıcı | foseptik boşaltma aracı | foseptik boşaltma",ticari,2026-09-29,aktif,gsc,663,5,
https://kosarticaret.com/kategoriler/su-pompalari/dalgic-pompalar/kirli-su-dalgic-pompa,kategori,"kirli su pompası","dalgıç pompa kirli su | kirli su tahliye pompası | dalgıç kirli su pompaları",ticari,2026-09-29,aktif,gsc,173,2,
https://kosarticaret.com/kategoriler/su-pompalari/sirkulasyon-pompalari,kategori,"küçük sirkülasyon pompası","sumak sirkülasyon pompası | termodinamik sirkülasyon pompası",ticari,2026-09-29,aktif,gsc,6,0,
https://kosarticaret.com/kategoriler/su-pompalari/sirkulasyon-pompalari/rekorlu-disli-sirkulasyon-pompalari,kategori,"pompa rekoru",,ticari,2026-09-29,aktif,gsc,44,2,
https://kosarticaret.com/kategoriler/su-pompalari/ozel-amacli-pompalar/on-filtreli-havuz-pompasi,kategori,"filtreli su pompası","filtrasyon pompası | ön filtreli havuz pompası",ticari,2026-09-29,aktif,gsc,48,1,
https://kosarticaret.com/kategoriler/su-pompalari/sirkulasyon-pompalari/inline-sirkulasyon-pompalari,kategori,"inline pompa","in line pompa | in-line tip tek kademeli pompalar | inline sirkülasyon pompası",ticari,2026-09-29,aktif,gsc,140,0,
https://kosarticaret.com/kategoriler/su-pompalari/sirkulasyon-pompalari/flansli-sirkulasyon-pompalari,kategori,"flanşlı sirkülasyon pompası",,ticari,2026-09-29,aktif,gsc,37,2,
https://kosarticaret.com/kategoriler/su-pompalari/dalgic-pompalar/sintine-pompasi,kategori,"sintine pompası nedir","nesta dalgıç pompa | sintine pompası | konteyner pompası",ticari,2026-09-29,aktif,gsc,62,0,
https://kosarticaret.com/kategoriler/su-pompalari/ozel-amacli-pompalar/yangin-pompalari,kategori,"yangın pompası","yangın pompası fiyatları | yangın pompa fiyatları | yangın su pompası",ticari,2026-09-29,aktif,gsc,1085,3,
https://kosarticaret.com/kategoriler/su-pompalari/sirkulasyon-pompalari/sicak-su-pompalari,kategori,"sıcak su sirkülasyon pompası","sıcak su pompası | sıcak su devirdaim pompası | sıcak su pompası seçimi",ticari,2026-09-29,aktif,gsc,982,3,
https://kosarticaret.com/kategoriler/su-pompalari/kademeli-pompalar/norm-tipi-yatay-kademeli,kategori,"yatay kademeli pompa","yatay pompa",ticari,2026-09-29,aktif,gsc,38,2,
https://kosarticaret.com/kategoriler/su-pompalari/santrifuj-pompalar/salyangoz-pompalar-bol-su-veren,kategori,"salyangoz pompa","salyangoz santrifüj pompa | salyangoz pompa fiyatları | salyangoz su pompası",ticari,2026-09-29,aktif,gsc,275,3,
https://kosarticaret.com/kategoriler/su-pompalari/dalgic-pompalar/karistiricili-camur-pompasi,kategori,"çamur pompası","çamur pompası fiyatları | sulu çamur pompaları | çamur pompaları",ticari,2026-09-29,aktif,gsc,226,6,
https://kosarticaret.com/kategoriler/su-pompalari/ozel-amacli-pompalar/jakuzi-pompasi,kategori,"jakuzi motoru","jakuzi motor fiyatları | jakuzi pompası | jakuzi motoru fiyatları",ticari,2026-09-29,aktif,gsc,57,2,
https://kosarticaret.com/kategoriler/su-pompalari/ozel-amacli-pompalar/klapeli-pompalar,kategori,"su motoru klape",,ticari,2026-09-29,aktif,gsc,52,1,
https://kosarticaret.com/kategoriler/su-pompalari/ozel-amacli-pompalar/dizel-su-motorlari,kategori,"dizel su motoru","dizel su motoru fiyatları | motorlu pompa | mazotlu su motoru",ticari,2026-09-29,aktif,gsc,244,11,
https://kosarticaret.com/kategoriler/su-pompalari/kademeli-pompalar/yatay-kademeli-pompalar,kategori,"kademeli su pompası","kademeli pompa | kademeli pompalar | kademeli su pompaları fiyatları",ticari,2026-09-29,aktif,gsc,124,0,
https://kosarticaret.com/kategoriler/su-pompalari/ozel-amacli-pompalar/yagmur-suyu-tahliye-pompasi,kategori,"yağmur suyu pompası","su tahliye | yağmur suyu toplama pompa sistemleri | yağmur suyu tahliye pompası",ticari,2026-09-29,aktif,gsc,86,0,
https://kosarticaret.com/kategoriler/isitma-sistemleri,kategori,,,ticari,2026-09-29,aktif,yok,3,0,
https://kosarticaret.com/kategoriler/isitma-sistemleri/elektrikli-isiticilar,kategori,"iç mekan ısıtma sistemleri","mekan ısıtma sistemleri | mekan ısıtıcıları",ticari,2026-09-29,aktif,gsc,5,0,
https://kosarticaret.com/kategoriler/isitma-sistemleri/elektrikli-isiticilar/dis-mekan-isiticilar,kategori,"dış mekan ısıtıcı","dış mekan ısıtıcıları | dis mekan isiticisi | dış ortam ısıtıcı",ticari,2026-09-14,aktif,gsc,190,4,
https://kosarticaret.com/kategoriler/isitma-sistemleri/elektrikli-isiticilar/dis-mekan-isiticilar/duvar-tipi-dis-mekan-isiticilar,kategori,,,ticari,2026-09-14,aktif,yok,0,0,
https://kosarticaret.com/kategoriler/isitma-sistemleri/elektrikli-isiticilar/dis-mekan-isiticilar/dikey-tower-dis-mekan-isiticilar,kategori,,,ticari,2026-09-14,aktif,yok,0,0,
https://kosarticaret.com/kategoriler/isitma-sistemleri/elektrikli-isiticilar/ev-tipi-isiticilar,kategori,"bedava panel site","elektrikli i̇tici | ev tipi | ev tipi ısıtma sistemleri",ticari,2026-09-14,aktif,gsc,34,1,
https://kosarticaret.com/kategoriler/isitma-sistemleri/elektrikli-isiticilar/ev-tipi-isiticilar/dikey-ev-tipi-isiticilar,kategori,,,ticari,2026-09-14,aktif,yok,0,0,
https://kosarticaret.com/marka/kaysu,marka,"kaysu pompa","kaysu hidrofor | kaysu",gezinme,2026-09-29,aktif,gsc,491,19,
https://kosarticaret.com/marka/kosar,marka,"koşar ticaret","kosarticaret | koşar",gezinme,2026-09-14,aktif,gsc,90,1,
https://kosarticaret.com/marka/horoz-electric,marka,"horoz marka","horoz motor",gezinme,2026-09-14,aktif,gsc,83,3,
https://kosarticaret.com/marka/pedrollo,marka,"pedrollo dalgıç pompa","pedrollo dalgic pompa | pedrollo pompa",gezinme,2026-09-29,aktif,gsc,489,22,
https://kosarticaret.com/marka/sumak,marka,"sumak pompa","sumak hidrofor | sumak dalgıç pompa",gezinme,2026-09-29,aktif,gsc,564,45,
https://kosarticaret.com/marka/winpo,marka,"winpo pompa","wnp | winpo",gezinme,2026-09-29,aktif,gsc,284,7,
https://kosarticaret.com/marka/ardonat,marka,"ardonat ısıtıcı",ardonat,gezinme,2026-09-14,aktif,gsc,109,11,
https://kosarticaret.com/marka/renato,marka,,,gezinme,2026-09-29,aktif,yok,0,0,
https://kosarticaret.com/sayfa/hakkimizda,sayfa,Hakkımızda,,bilgi,2026-09-05,aktif,baslik,116,1,
https://kosarticaret.com/sayfa/gizlilik-politikasi,sayfa,"Gizlilik Politikası",,bilgi,2026-09-05,aktif,baslik,35,0,
https://kosarticaret.com/sayfa/kvkk,sayfa,"KVKK Aydınlatma Metni",,bilgi,2026-09-05,aktif,baslik,2,0,
https://kosarticaret.com/sayfa/kargo-ve-iade,sayfa,"Kargo ve İade",,bilgi,2026-09-05,aktif,baslik,37,0,
https://kosarticaret.com/sayfa/mesafeli-satis-sozlesmesi,sayfa,"Mesafeli Satış Sözleşmesi",,bilgi,2026-09-05,aktif,baslik,9,0,
https://kosarticaret.com/sayfa/on-bilgilendirme,sayfa,"Ön Bilgilendirme Formu",,bilgi,2026-09-05,aktif,baslik,13,0,
https://kosarticaret.com/sayfa/sss,sayfa,"Sıkça Sorulan Sorular",,bilgi,2026-09-05,aktif,baslik,90,1,
https://kosarticaret.com/sayfa/cerez-politikasi,sayfa,"Çerez Politikası",,bilgi,2026-09-05,aktif,baslik,0,0,
https://kosarticaret.com/sayfa/kullanim-kosullari,sayfa,"Kullanım Koşulları",,bilgi,2026-09-05,aktif,baslik,9,0,
https://kosarticaret.com/kategoriler/su-pompalari/dalgic-pompalar/temiz-su-dalgic-pompasi,urun-ozet,,,ticari,,ozet,gsc-urun,395,19,55
https://kosarticaret.com/kategoriler/su-pompalari/dalgic-pompalar/drenaj-dalgic-pompa,urun-ozet,,,ticari,,ozet,gsc-urun,59,5,7
https://kosarticaret.com/kategoriler/su-pompalari/dalgic-pompalar/foseptik-dalgic-pompa,urun-ozet,,,ticari,,ozet,gsc-urun,660,46,97
https://kosarticaret.com/kategoriler/su-pompalari/jet-pompalar-derinden-emisli,urun-ozet,,,ticari,,ozet,gsc-urun,220,7,22
https://kosarticaret.com/kategoriler/su-pompalari/preferikal-pompalar-surtme-fanli,urun-ozet,,,ticari,,ozet,gsc-urun,211,17,40
https://kosarticaret.com/kategoriler/hidrofor-sistemleri/hidroforlar,urun-ozet,,,ticari,,ozet,gsc-urun,757,38,12
https://kosarticaret.com/kategoriler/su-pompalari/santrifuj-pompalar/tek-fanli-santrifuj-pompa,urun-ozet,,,ticari,,ozet,gsc-urun,258,9,83
https://kosarticaret.com/kategoriler/su-pompalari/kademeli-pompalar,urun-ozet,,,ticari,,ozet,gsc-urun,72,7,1
https://kosarticaret.com/kategoriler/su-pompalari/kademeli-pompalar/yatay-kademeli-pompalar,urun-ozet,,,ticari,,ozet,gsc-urun,174,10,11
https://kosarticaret.com/kategoriler/su-pompalari/dalgic-pompalar,urun-ozet,,,ticari,,ozet,gsc-urun,14,0,1
https://kosarticaret.com/kategoriler/hidrofor-sistemleri/hidromat,urun-ozet,,,ticari,,ozet,gsc-urun,58,0,3
https://kosarticaret.com/kategoriler/vantilatorler/sanayi-tipi-vantilator,urun-ozet,,,ticari,,ozet,gsc-urun,555,28,6
https://kosarticaret.com/kategoriler/su-pompalari,urun-ozet,,,ticari,,ozet,gsc-urun,147,12,3
https://kosarticaret.com/kategoriler/elektrik-ve-aydinlatma,urun-ozet,,,ticari,,ozet,gsc-urun,444,16,15
https://kosarticaret.com/kategoriler/su-pompalari/dalgic-pompalar/kirli-su-dalgic-pompa,urun-ozet,,,ticari,,ozet,gsc-urun,190,9,43
https://kosarticaret.com/kategoriler/hidrofor-sistemleri/pedrollo-hidrofor,urun-ozet,,,ticari,,ozet,gsc-urun,202,10,23
https://kosarticaret.com/kategoriler/su-pompalari/santrifuj-pompalar/paslanmaz-pompalar-kimyasal,urun-ozet,,,ticari,,ozet,gsc-urun,485,15,155
https://kosarticaret.com/kategoriler/su-pompalari/dalgic-pompalar/paslanmaz-drenaj-dalgic-pompa,urun-ozet,,,ticari,,ozet,gsc-urun,29,2,12
https://kosarticaret.com/kategoriler/su-pompalari/ozel-amacli-pompalar/keson-kuyu-pompa,urun-ozet,,,ticari,,ozet,gsc-urun,85,2,25
https://kosarticaret.com/kategoriler/su-pompalari/dalgic-pompalar/derin-kuyu-dalgic-pompa,urun-ozet,,,ticari,,ozet,gsc-urun,600,29,102
https://kosarticaret.com/kategoriler/su-pompalari/kademeli-pompalar/dikey-kademeli-pompalar,urun-ozet,,,ticari,,ozet,gsc-urun,385,18,94
https://kosarticaret.com/kategoriler/su-pompalari/santrifuj-pompalar/cift-fanli-santrifuj-pompa,urun-ozet,,,ticari,,ozet,gsc-urun,51,1,24
https://kosarticaret.com/kategoriler/su-pompalari/dalgic-pompalar/bicakli-dalgic-pompa,urun-ozet,,,ticari,,ozet,gsc-urun,202,7,32
https://kosarticaret.com/kategoriler/su-pompalari/santrifuj-pompalar/santrifuj-pompalar-sulama,urun-ozet,,,ticari,,ozet,gsc-urun,140,6,55
https://kosarticaret.com/kategoriler/hidrofor-sistemleri/hidrofor-grubu,urun-ozet,,,ticari,,ozet,gsc-urun,396,11,205
https://kosarticaret.com/kategoriler/hidrofor-sistemleri/sumak-hidrofor,urun-ozet,,,ticari,,ozet,gsc-urun,173,8,32
https://kosarticaret.com/kategoriler/su-pompalari/kademeli-pompalar/monoblok-yatay-kademeli,urun-ozet,,,ticari,,ozet,gsc-urun,120,3,34
https://kosarticaret.com/kategoriler/su-pompalari/ozel-amacli-pompalar/foseptik-tahliye-cihazi,urun-ozet,,,ticari,,ozet,gsc-urun,47,2,4
https://kosarticaret.com/kategoriler/su-pompalari/sirkulasyon-pompalari/rekorlu-disli-sirkulasyon-pompalari,urun-ozet,,,ticari,,ozet,gsc-urun,24,0,5
https://kosarticaret.com/kategoriler/su-pompalari/ozel-amacli-pompalar/on-filtreli-havuz-pompasi,urun-ozet,,,ticari,,ozet,gsc-urun,94,7,21
https://kosarticaret.com/kategoriler/su-pompalari/sirkulasyon-pompalari/inline-sirkulasyon-pompalari,urun-ozet,,,ticari,,ozet,gsc-urun,40,2,11
https://kosarticaret.com/kategoriler/su-pompalari/ozel-amacli-pompalar/dizel-su-motorlari,urun-ozet,,,ticari,,ozet,gsc-urun,57,9,7
https://kosarticaret.com/kategoriler/su-pompalari/sirkulasyon-pompalari/flansli-sirkulasyon-pompalari,urun-ozet,,,ticari,,ozet,gsc-urun,11,0,8
https://kosarticaret.com/kategoriler/su-pompalari/dalgic-pompalar/sintine-pompasi,urun-ozet,,,ticari,,ozet,gsc-urun,3,0,1
https://kosarticaret.com/kategoriler/hidrofor-sistemleri/sicak-su-hidroforu,urun-ozet,,,ticari,,ozet,gsc-urun,17,1,2
https://kosarticaret.com/kategoriler/su-pompalari/ozel-amacli-pompalar/yangin-pompalari,urun-ozet,,,ticari,,ozet,gsc-urun,36,2,20
https://kosarticaret.com/kategoriler/su-pompalari/sirkulasyon-pompalari/sicak-su-pompalari,urun-ozet,,,ticari,,ozet,gsc-urun,94,4,43
https://kosarticaret.com/kategoriler/su-pompalari/kademeli-pompalar/norm-tipi-yatay-kademeli,urun-ozet,,,ticari,,ozet,gsc-urun,175,7,31
https://kosarticaret.com/kategoriler/su-pompalari/santrifuj-pompalar/salyangoz-pompalar-bol-su-veren,urun-ozet,,,ticari,,ozet,gsc-urun,135,0,22
https://kosarticaret.com/kategoriler/su-pompalari/dalgic-pompalar/karistiricili-camur-pompasi,urun-ozet,,,ticari,,ozet,gsc-urun,5,0,2
https://kosarticaret.com/kategoriler/su-pompalari/ozel-amacli-pompalar/jakuzi-pompasi,urun-ozet,,,ticari,,ozet,gsc-urun,5,0,6
https://kosarticaret.com/kategoriler/su-pompalari/ozel-amacli-pompalar/klapeli-pompalar,urun-ozet,,,ticari,,ozet,gsc-urun,40,0,4
https://kosarticaret.com/kategoriler/hidrofor-sistemleri/ev-tipi-hidroforlar,urun-ozet,,,ticari,,ozet,gsc-urun,107,2,9
https://kosarticaret.com/kategoriler/su-pompalari/ozel-amacli-pompalar/yagmur-suyu-tahliye-pompasi,urun-ozet,,,ticari,,ozet,gsc-urun,31,2,2
https://kosarticaret.com/kategoriler/isitma-sistemleri/elektrikli-isiticilar/dis-mekan-isiticilar/duvar-tipi-dis-mekan-isiticilar,urun-ozet,,,ticari,,ozet,gsc-urun,26,1,2
https://kosarticaret.com/kategoriler/isitma-sistemleri/elektrikli-isiticilar/dis-mekan-isiticilar/dikey-tower-dis-mekan-isiticilar,urun-ozet,,,ticari,,ozet,gsc-urun,50,13,1
https://kosarticaret.com/kategoriler/isitma-sistemleri/elektrikli-isiticilar/ev-tipi-isiticilar/dikey-ev-tipi-isiticilar,urun-ozet,,,ticari,,ozet,gsc-urun,59,13,1
https://kosarticaret.com/marka/kaysu,urun-ozet-marka,"Kaysu Pompa",,ticari,,ozet,gsc-urun,1820,121,42
https://kosarticaret.com/marka/kosar,urun-ozet-marka,Koşar,,ticari,,ozet,gsc-urun,555,28,6
https://kosarticaret.com/marka/horoz-electric,urun-ozet-marka,"Horoz Electrıc",,ticari,,ozet,gsc-urun,444,16,15
https://kosarticaret.com/marka/pedrollo,urun-ozet-marka,Pedrollo,,ticari,,ozet,gsc-urun,1295,51,347
https://kosarticaret.com/marka/sumak,urun-ozet-marka,Sumak,,ticari,,ozet,gsc-urun,2473,105,732
https://kosarticaret.com/marka/winpo,urun-ozet-marka,Winpo,,ticari,,ozet,gsc-urun,1416,52,248
https://kosarticaret.com/marka/ardonat,urun-ozet-marka,Ardonat,,ticari,,ozet,gsc-urun,76,14,3
https://kosarticaret.com/marka/renato,urun-ozet-marka,Renato,,ticari,,ozet,gsc-urun,59,13,1
